"Row","Username","Name","LastSeen","Verdict"
"11","dalvarez","Denise Alvarez","2/25/2026 11:17:08 AM","READY"
"12","pnakamura","Peter Nakamura","12/4/2025 11:17:08 AM","READY"
"13","gokonkwo","Grace Okonkwo","4/9/2026 11:17:09 AM","READY"
"15","awhitlock","Aaron Whitlock","5/8/2026 11:17:09 AM","READY"
"16","bferreiro","Bianca Ferreiro","4/22/2026 11:17:09 AM","READY"
"21","tvance","Theresa Vance","5/21/2026 11:17:09 AM","READY"
"22","dmbeki","Douglas Mbeki","4/26/2026 11:17:09 AM","READY"
"24","apetrova","Alina Petrova","5/27/2026 11:17:09 AM","READY"
"25","wcho","Wendell Cho","3/11/2026 11:17:10 AM","READY"
"26","rquaye","Rosalind Quaye","4/13/2026 11:17:10 AM","READY"
"27","mdelacroix","Marcus Delacroix","5/5/2026 11:17:10 AM","READY"
"28","isorokin","Ivan Sorokin","6/11/2026 11:17:10 AM","READY"
"31","lansari","Lucy Ansari","6/15/2026 11:17:10 AM","READY"
"32","bfeld","Bruno Feld","6/4/2026 11:17:10 AM","READY"
"33","yadeyemi","Yusuf Adeyemi","2/12/2026 11:17:11 AM","READY"
"34","test.user","Test Account","11/19/2022 6:12:54 PM","READY"
"35","moyelaran","Marguerite Oyelaran","5/13/2026 11:17:11 AM","READY"
"36","cpetrie","Callum Petrie","4/17/2026 11:17:11 AM","READY"
"37","hyoshida","Hana Yoshida","5/30/2026 11:17:11 AM","READY"
"38","ebergstrom","Elias Bergstrom","3/27/2026 11:17:11 AM","READY"
"39","smarchetti","Sylvia Marchetti","5/1/2026 11:17:11 AM","READY"
"40","nosei","Nathaniel Osei","5/18/2026 11:17:12 AM","READY"
