"Name","Username","Department","SourceRow"
"Alina Petrova","apetrova","Finance","24"
"Aaron Whitlock","awhitlock","Operations","15"
"Bruno Feld","bfeld","Finance","32"
"Bianca Ferreiro","bferreiro","Finance","16"
"Callum Petrie","cpetrie","Operations","36"
"Denise Alvarez","dalvarez","Finance","11"
"Diane Kessler","dkessler","HR","2"
"Douglas Mbeki","dmbeki","Operations","22"
"Elias Bergstrom","ebergstrom","IT","38"
"Erin Hoffman","ehoffman","IT","8"
"Grace Okonkwo","gokonkwo","HR","13"
"Harold Grady","hgrady","IT","20"
"Hana Yoshida","hyoshida","Finance","37"
"Ivan Sorokin","isorokin","Finance","28"
"","jhalloway","HR","17"
"Ferreira, Kathy","kferreira","Operations","14"
"Lucy Ansari","lansari","Operations","31"
"Marcus Delacroix","mdelacroix","Operations","27"
"Marcus Johnson","mjohnson","IT","10"
"Marguerite Oyelaran","moyelaran","HR","35"
"Nathaniel Osei","nosei","Operations","40"
"Owen Radcliffe","oradcliffe","Operations","7"
"Peter Nakamura","pnakamura","Finance","12"
"Priya Patel","ppatel","IT","29"
"Roland Pace","rpace","Operations","5"
"Rosalind Quaye","rquaye","HR","26"
"Sean Foster","sfoster","IT","9"
"Sylvia Marchetti","smarchetti","HR","39"
"Backup Service","svc_backup","IT","41"
"Scanner Service","svc_scanner","IT","30"
"Test Account","test.user","IT","34"
"Trevor Nash","tnash","Operations","3"
"Theresa Vance","tvance","HR","21"
"Wendell Cho","wcho","IT","25"
"Yusuf Adeyemi","yadeyemi","IT","33"
